rank,player,years,total_goals,active,yr_start
1,Wayne Gretzky,1979-99,894,Retired,1979
2,Gordie Howe,1946-80,801,Retired,1946
3,Jaromir Jagr,1990-18,766,Retired,1990
4,Brett Hull,1986-06,741,Retired,1986
5,Marcel Dionne,1971-89,731,Retired,1971
6,Phil Esposito,1963-81,717,Retired,1963
7,Mike Gartner,1979-98,708,Retired,1979
8,Alex Ovechkin,2005-20,700,Active,2005
9,Mark Messier,1979-04,694,Retired,1979
10,Steve Yzerman,1983-06,692,Retired,1983
11,Mario Lemieux,1984-06,690,Retired,1984
12,Teemu Selanne,1992-14,684,Retired,1992
13,Luc Robitaille,1986-06,668,Retired,1986
14,Brendan Shanahan,1987-09,656,Retired,1987
15,Dave Andreychuk,1982-06,640,Retired,1982
16,Jarome Iginla,1996-17,625,Retired,1996
17,Bobby Hull,1957-80,610,Retired,1957
18,Dino Ciccarelli,1980-99,608,Retired,1980
19,Jari Kurri,1980-98,601,Retired,1980
20,Mark Recchi,1988-11,577,Retired,1988
21,Mike Bossy,1977-87,573,Retired,1977
22,Mats Sundin,1990-09,564,Retired,1990
23,Mike Modano,1989-11,561,Retired,1989
24,Guy Lafleur,1971-91,560,Retired,1971
25,John Bucyk,1955-78,556,Retired,1955
26,Ron Francis,1981-04,549,Retired,1981
27,Michel Goulet,1979-94,548,Retired,1979
28,Maurice Richard,1942-60,544,Retired,1942
29,Stan Mikita,1958-80,541,Retired,1958
30,Keith Tkachuk,1991-10,538,Retired,1991
31,Frank Mahovlich,1956-74,533,Retired,1956
32,Marian Hossa,1997-17,525,Retired,1997
33,Bryan Trottier,1975-94,524,Retired,1975
34,Pat Verbeek,1982-02,522,Retired,1982
35,Dale Hawerchuk,1981-97,518,Retired,1981
36,Pierre Turgeon,1987-07,515,Retired,1987
37,Jeremy Roenick,1988-09,513,Retired,1988
38,Gilbert Perreault,1970-87,512,Retired,1970
39,Jean Beliveau,1950-71,507,Retired,1950
40,Peter Bondra,1990-07,503,Retired,1990
41,Joe Mullen,1981-97,502,Retired,1981
42,Lanny McDonald,1973-89,500,Retired,1973
43,Glenn Anderson,1980-96,498,Retired,1980
44,Jean Ratelle,1960-81,491,Retired,1960
45,Norm Ullman,1955-75,490,Retired,1955
46,Brian Bellows,1982-99,485,Retired,1982
47,Darryl Sittler,1970-85,484,Retired,1970
48,Sergei Fedorov,1990-09,483,Retired,1990
49,Bernie Nicholls,1981-99,475,Retired,1981
50,Denis Savard,1980-97,473,Retired,1980
51,Pat LaFontaine,1983-98,468,Retired,1983
52,Sidney Crosby,2005-20,459,Active,2005
53,Alex Delvecchio,1950-74,456,Retired,1950
54,Theoren Fleury,1988-03,455,Retired,1988
55,Rod Brind'Amour,1989-10,452,Retired,1989
56,Peter Stastny,1980-95,450,Retired,1980
57,Rick Middleton,1974-88,448,Retired,1974
58,Daniel Alfredsson,1995-14,444,Retired,1995
59,Ilya Kovalchuk,2001-20,442,Active,2001
60,Steve Larmer,1980-95,441,Retired,1980
61,Rick Tocchet,1984-02,440,Retired,1984
62,Gary Roberts,1986-09,438,Retired,1986
63,Pavel Bure,1991-03,437,Retired,1991
64,Eric Staal,2003-20,434,Active,2003
65,Vincent Damphousse,1986-04,432,Retired,1986
66,Dave Taylor,1977-94,431,Retired,1977
67,Alex Kovalev,1992-13,430,Retired,1992
68,Bill Guerin,1991-10,429,Retired,1991
69,Yvan Cournoyer,1963-79,428,Retired,1963
70,Brian Propp,1979-94,425,Retired,1979
71,Steve Shutt,1972-85,424,Retired,1972
72,Steven Stamkos,2008-20,422,Active,2008
73,Vincent Lecavalier,1998-16,421,Retired,1998
74,Bill Barber,1972-84,420,Retired,1972
75,Jason Arnott,1993-12,417,Retired,1993
76,Tony Amonte,1991-07,416,Retired,1991
77,John MacLean,1983-02,413,Retired,1983
78,Evgeni Malkin,2006-20,412,Active,2006
79,Ray Bourque,1979-01,410,Retired,1979
80,Patrik Elias,1995-16,408,Retired,1995
81,Marian Gaborik,2000-18,407,Retired,2000
82,John LeClair,1990-07,406,Retired,1990
83,Shane Doan,1995-17,402,Retired,1995
84,Paul Coffey,1980-01,396,Retired,1980
85,Markus Naslund,1993-09,395,Retired,1993
86,Tomas Sandstrom,1984-99,394,Retired,1984
87,Bernie Geoffrion,1950-68,393,Retired,1950
88,Martin St. Louis,1998-15,391,Retired,1998
89,Ryan Smyth,1994-14,386,Retired,1994
90,Ray Whitney,1991-14,385,Retired,1991
91,Rick Martin,1971-82,384,Retired,1971
92,Patrick Kane,2007-20,383,Active,2007
93,Jeff Carter,2005-20,382,Active,2005
94,Reggie Leach,1970-83,381,Retired,1970
95,Ted Lindsay,1944-65,379,Retired,1944
96,Corey Perry,2005-20,377,Active,2005
97,Milan Hejduk,1998-13,375,Retired,1998
98,Thomas Vanek,2005-19,373,Retired,2005
99,Dany Heatley,2001-15,372,Retired,2001
100,Rick Kehoe,1971-85,371,Retired,1971
101,Phil Kessel,2006-20,370,Active,2006
102,Bernie Federko,1976-90,369,Retired,1976
103,Geoff Courtnall,1983-00,367,Retired,1983
104,Jacques Lemaire,1967-79,366,Retired,1967
105,Scott Mellanby,1985-07,364,Retired,1985
106,Miroslav Satan,1995-10,363,Retired,1995
107,Ivan Boldirev,1970-85,361,Retired,1970
108,Bobby Clarke,1969-84,358,Retired,1969
109,Kirk Muller,1984-03,357,Retired,1984
110,Dennis Maruk,1975-89,356,Retired,1975
111,Mike Foligno,1979-94,355,Retired,1979
112,Danny Gare,1974-87,354,Retired,1974
113,Patrice Bergeron,2003-20,350,Active,2003
114,Andy Bathgate,1952-71,349,Retired,1952
115,John Tavares,2009-20,343,Active,2009
116,Charlie Simmer,1974-88,342,Retired,1974
117,Adam Oates,1985-04,341,Retired,1985
118,Dave Christian,1979-94,340,Retired,1979
119,Phil Housley,1982-03,338,Retired,1982
120,Alexei Yashin,1993-07,337,Retired,1993
121,Ron Ellis,1963-81,332,Retired,1963
122,Anze Kopitar,2006-20,330,Active,2006
123,Ziggy Palffy,1993-06,329,Retired,1993
124,Ken Hodge,1964-78,328,Retired,1964
125,Scott Hartnell,2000-18,327,Retired,2000
126,Bobby Holik,1990-09,326,Retired,1990
127,John Tonelli,1978-92,325,Retired,1978
128,Paul MacLean,1980-91,324,Retired,1980
129,Vic Hadfield,1961-77,323,Retired,1961
130,Olli Jokinen,1997-15,321,Retired,1997
131,Tony McKegney,1978-91,320,Retired,1978
132,Clark Gillies,1974-88,319,Retired,1974
133,Dave Gagner,1984-99,318,Retired,1984
134,Todd Bertuzzi,1995-14,314,Retired,1995
135,Don Lever,1972-87,313,Retired,1972
136,Denis Potvin,1973-88,310,Retired,1973
137,Martin Gelinas,1988-08,309,Retired,1988
138,Bob Nevin,1957-76,307,Retired,1957
139,Cliff Ronning,1986-04,306,Retired,1986
140,Pavol Demitra,1993-10,304,Retired,1993
141,Brian Sutter,1976-88,303,Retired,1976
142,Ulf Dahlen,1987-03,301,Retired,1987
143,Jamie Benn,2009-20,299,Active,2009
144,Brad Richards,2000-16,298,Retired,2000
145,Russ Courtnall,1983-99,297,Retired,1983
146,George Armstrong,1949-71,296,Retired,1949
147,Dustin Brown,2003-20,295,Active,2003
148,Mike Cammalleri,2002-18,294,Retired,2002
149,Jason Pominville,2003-19,293,Retired,2003
150,Mike Ridley,1985-97,292,Retired,1985
151,Simon Gagne,1999-15,291,Retired,1999
152,Steve Sullivan,1995-13,290,Retired,1995
153,Neal Broten,1980-97,289,Retired,1980
154,Larry Murphy,1980-01,288,Retired,1980
155,Patrick Sharp,2002-18,287,Retired,2002
156,Brad Marchand,2009-20,286,Active,2009
157,Brent Ashton,1979-93,284,Retired,1979
158,Bill Goldsworthy,1964-78,283,Retired,1964
159,John Anderson,1977-89,282,Retired,1977
160,Bob Pulford,1956-72,281,Retired,1956
161,Camille Henry,1953-70,279,Retired,1953
162,Mike Knuble,1996-13,278,Retired,1996
163,Max Pacioretty,2008-20,277,Active,2008
164,Ron Stewart,1952-73,276,Retired,1952
165,Jimmy Carson,1986-96,275,Retired,1986
166,Ron Duguay,1977-89,274,Retired,1977
167,Shayne Corson,1985-04,273,Retired,1985
168,Joe Sakic,1988-09,625,Retired,1988
169,Joe Nieuwendyk,1986-07,564,Retired,1986
170,Patrick Marleau,1997-20,561,Active,1997
171,Alexander Mogilny,1989-06,473,Retired,1989
172,Doug Gilmour,1983-03,450,Retired,1983
173,Rick Vaive,1979-92,441,Retired,1979
174,Rick Nash,2002-18,437,Retired,2002
175,Owen Nolan,1990-10,422,Retired,1990
176,Stephane Richer,1984-02,421,Retired,1984
177,Steve Thomas,1984-04,421,Retired,1984
178,Joe Thornton,1997-20,417,Active,1997
179,Garry Unger,1967-83,413,Retired,1967
180,Ray Ferraro,1984-02,408,Retired,1984
181,Rod Gilbert,1960-78,406,Retired,1960
182,Paul Kariya,1994-10,402,Retired,1994
183,John Ogrodnick,1979-93,402,Retired,1979
184,Dave Keon,1960-82,396,Retired,1960
185,Pierre Larouche,1974-88,395,Retired,1974
186,Cam Neely,1983-96,395,Retired,1983
187,Daniel Sedin,2000-18,393,Retired,2000
188,Dean Prentice,1952-74,391,Retired,1952
189,Jean Pronovost,1968-82,391,Retired,1968
190,Zach Parise,2005-20,382,Active,2005
191,Claude Lemieux,1983-09,379,Retired,1983
192,Butch Goring,1969-85,375,Retired,1969
193,Trevor Linden,1988-08,375,Retired,1988
194,Eric Lindros,1992-07,372,Retired,1992
195,Tim Kerr,1980-93,370,Retired,1980
196,Joe Pavelski,2006-20,369,Active,2006
197,Brent Sutter,1980-98,363,Retired,1980
198,Peter McNab,1973-87,363,Retired,1973
199,Henri Richard,1955-75,358,Retired,1955
200,Bobby Smith,1978-93,357,Retired,1978
201,Ray Sheppard,1987-00,357,Retired,1987
202,Wilf Paiement,1974-88,356,Retired,1974
203,Vyacheslav Kozlov,1991-10,356,Retired,1991
204,Kevin Dineen,1984-03,355,Retired,1984
205,Greg Adams,1984-01,355,Retired,1984
206,Geoff Sanderson,1990-08,355,Retired,1990
207,Rick MacLeish,1970-84,349,Retired,1970
208,Jonathan Toews,2007-20,343,Active,2007
209,Scott Young,1987-06,342,Retired,1987
210,Brian Rolston,1994-12,342,Retired,1994
211,Ed Olczyk,1984-00,342,Retired,1984
212,Jason Spezza,2002-20,341,Active,2002
213,Al MacInnis,1981-04,340,Retired,1981
214,Glen Murray,1991-08,337,Retired,1991
215,Henrik Zetterberg,2002-18,337,Retired,2002
216,Wendel Clark,1985-00,330,Retired,1985
217,Mike Bullard,1980-92,329,Retired,1980
218,Adam Graves,1987-03,329,Retired,1987
219,Kevin Stevens,1987-02,329,Retired,1987
220,Nels Stewart,1925-40,324,Retired,1925
221,Pit Martin,1961-79,324,Retired,1961
222,Dale Hunter,1980-99,323,Retired,1980
223,Petr Sykora,1995-12,323,Retired,1995
224,Bob Carpenter,1981-99,320,Retired,1981
225,Justin Williams,2000-20,314,Active,2000
226,Pavel Datsyuk,2001-16,314,Retired,2001
227,Petr Klima,1985-99,313,Retired,1985
228,Petr Nedved,1990-07,310,Retired,1990
229,Daniel Briere,1997-15,307,Retired,1997
230,Dennis Hull,1964-78,303,Retired,1964
231,Tom Lysiak,1973-86,292,Retired,1973
232,Brian Gionta,2001-18,291,Retired,2001
233,James Neal,2008-20,289,Active,2008
234,Pete Mahovlich,1965-81,288,Retired,1965
235,Tony Tanti,1981-92,287,Retired,1981
236,René Robert,1970-82,284,Retired,1970
237,Radim Vrbata,2001-18,284,Retired,2001
238,Alex Tanguay,1999-16,283,Retired,1999
239,Dick Duff,1954-72,283,Retired,1954
240,Red Kelly,1947-67,281,Retired,1947
241,Doug Weight,1991-11,278,Retired,1991
242,Mike Fisher,1999-18,278,Retired,1999
243,Jim Pappin,1963-77,278,Retired,1963
244,Cory Stillman,1994-11,278,Retired,1994
245,Ralph Backstrom,1956-73,278,Retired,1956
246,Tyler Seguin,2010-20,277,Active,2010
247,Wayne Cashman,1964-83,277,Retired,1964
248,Bryan Smolinski,1992-08,274,Retired,1992
249,Murray Oliver,1957-75,274,Retired,1957
250,Ryan Getzlaf,2005-20,273,Active,2005
